cell_id,hardware,mode,world_size,phase,share_pct
00226e3238b3172bdf5b,A100-40GB,training,2,pack,4.534362938583451
00226e3238b3172bdf5b,A100-40GB,training,2,dispatch,12.924203790835154
00226e3238b3172bdf5b,A100-40GB,training,2,expert_compute,17.843987217682287
00226e3238b3172bdf5b,A100-40GB,training,2,return,16.806144741877084
00226e3238b3172bdf5b,A100-40GB,training,2,combine,47.89130131102202
01991ac29fa7746fe414,B200,training,8,pack,4.288631743524615
01991ac29fa7746fe414,B200,training,8,dispatch,16.301046637509756
01991ac29fa7746fe414,B200,training,8,expert_compute,17.68017461309443
01991ac29fa7746fe414,B200,training,8,return,17.807573718005578
01991ac29fa7746fe414,B200,training,8,combine,43.922573287865625
01c5267409ec109ccd6d,H100,training,8,pack,4.907616651214317
01c5267409ec109ccd6d,H100,training,8,dispatch,21.03726902168544
01c5267409ec109ccd6d,H100,training,8,expert_compute,11.888572382023709
01c5267409ec109ccd6d,H100,training,8,return,23.65157766726754
01c5267409ec109ccd6d,H100,training,8,combine,38.51496427780899
062c3bf796f7cc4376ca,A100-40GB,training,4,pack,3.2567374102360347
062c3bf796f7cc4376ca,A100-40GB,training,4,dispatch,14.353138276792608
062c3bf796f7cc4376ca,A100-40GB,training,4,expert_compute,53.45589208866096
062c3bf796f7cc4376ca,A100-40GB,training,4,return,14.174000201088175
062c3bf796f7cc4376ca,A100-40GB,training,4,combine,14.760232023222217
0bf65f7af1a2e50712e8,B200,forward,4,pack,3.275943582955959
0bf65f7af1a2e50712e8,B200,forward,4,dispatch,14.505560950271548
0bf65f7af1a2e50712e8,B200,forward,4,expert_compute,10.352111740616923
0bf65f7af1a2e50712e8,B200,forward,4,return,15.62154687942639
0bf65f7af1a2e50712e8,B200,forward,4,combine,56.244836846729186
0c5001fe1fbee6d543a8,B200,forward,2,pack,3.6339015015638294
0c5001fe1fbee6d543a8,B200,forward,2,dispatch,15.057905871070226
0c5001fe1fbee6d543a8,B200,forward,2,expert_compute,41.362503835723246
0c5001fe1fbee6d543a8,B200,forward,2,return,19.718028218730762
0c5001fe1fbee6d543a8,B200,forward,2,combine,20.227660572911937
0c8af170fbc6a3c51977,B200,forward,4,pack,3.991243474538356
0c8af170fbc6a3c51977,B200,forward,4,dispatch,17.81095910574181
0c8af170fbc6a3c51977,B200,forward,4,expert_compute,43.44779723418879
0c8af170fbc6a3c51977,B200,forward,4,return,23.400286245241098
0c8af170fbc6a3c51977,B200,forward,4,combine,11.349713940289945
0cd4ff06799e981354e4,A100-40GB,forward,2,pack,4.452063435936328
0cd4ff06799e981354e4,A100-40GB,forward,2,dispatch,13.275113169096233
0cd4ff06799e981354e4,A100-40GB,forward,2,expert_compute,11.697960144311937
0cd4ff06799e981354e4,A100-40GB,forward,2,return,13.701309993113245
0cd4ff06799e981354e4,A100-40GB,forward,2,combine,56.873553257542255
0d9261f1de0b3836ca72,H100,training,2,pack,5.152293902080032
0d9261f1de0b3836ca72,H100,training,2,dispatch,15.695162413882958
0d9261f1de0b3836ca72,H100,training,2,expert_compute,10.226895155723199
0d9261f1de0b3836ca72,H100,training,2,return,16.06510308779204
0d9261f1de0b3836ca72,H100,training,2,combine,52.860545440521776
0df02bb25898d4c41b63,A100-40GB,training,2,pack,4.802072677693856
0df02bb25898d4c41b63,A100-40GB,training,2,dispatch,15.825225162652744
0df02bb25898d4c41b63,A100-40GB,training,2,expert_compute,25.25673369460654
0df02bb25898d4c41b63,A100-40GB,training,2,return,16.246802881955904
0df02bb25898d4c41b63,A100-40GB,training,2,combine,37.86916558309096
101698e5c2e9bc3cb37b,H100,training,2,pack,5.180171541317617
101698e5c2e9bc3cb37b,H100,training,2,dispatch,15.91643279837896
101698e5c2e9bc3cb37b,H100,training,2,expert_compute,9.954976617352145
101698e5c2e9bc3cb37b,H100,training,2,return,16.55386460288879
101698e5c2e9bc3cb37b,H100,training,2,combine,52.394554440062485
1024579a112e0234e0f4,H100,training,4,pack,5.290345316801849
1024579a112e0234e0f4,H100,training,4,dispatch,18.73259003950185
1024579a112e0234e0f4,H100,training,4,expert_compute,17.404528664616176
1024579a112e0234e0f4,H100,training,4,return,21.867395363683677
1024579a112e0234e0f4,H100,training,4,combine,36.70514061539645
1111caa5293bd2c66f1e,A100-40GB,training,8,pack,3.966988683078524
1111caa5293bd2c66f1e,A100-40GB,training,8,dispatch,15.95206732375117
1111caa5293bd2c66f1e,A100-40GB,training,8,expert_compute,9.012414842294099
1111caa5293bd2c66f1e,A100-40GB,training,8,return,16.82441658200688
1111caa5293bd2c66f1e,A100-40GB,training,8,combine,54.244112568869326
13a1a19193f3c147f0f4,A100-40GB,forward,2,pack,3.966019336082991
13a1a19193f3c147f0f4,A100-40GB,forward,2,dispatch,12.5179457080108
13a1a19193f3c147f0f4,A100-40GB,forward,2,expert_compute,11.29564578701597
13a1a19193f3c147f0f4,A100-40GB,forward,2,return,13.857213605582178
13a1a19193f3c147f0f4,A100-40GB,forward,2,combine,58.36317556330806
13fca278879f5596c3c8,A100-40GB,training,8,pack,3.517924968223222
13fca278879f5596c3c8,A100-40GB,training,8,dispatch,22.23758750632147
13fca278879f5596c3c8,A100-40GB,training,8,expert_compute,28.204859581280317
13fca278879f5596c3c8,A100-40GB,training,8,return,19.37687244073359
13fca278879f5596c3c8,A100-40GB,training,8,combine,26.662755503441403
15add0e123733edb6175,H100,forward,4,pack,4.908694874081415
15add0e123733edb6175,H100,forward,4,dispatch,18.031526756520734
15add0e123733edb6175,H100,forward,4,expert_compute,18.762734098531297
15add0e123733edb6175,H100,forward,4,return,21.5588076800014
15add0e123733edb6175,H100,forward,4,combine,36.73823659086516
17501b5c90260133776f,A100-40GB,training,8,pack,3.7217784888726584
17501b5c90260133776f,A100-40GB,training,8,dispatch,16.700774165550275
17501b5c90260133776f,A100-40GB,training,8,expert_compute,9.496592345342862
17501b5c90260133776f,A100-40GB,training,8,return,19.467447413199444
17501b5c90260133776f,A100-40GB,training,8,combine,50.613407587034764
1908b5916c9a041cf380,A100-40GB,forward,8,pack,3.5623487628736314
1908b5916c9a041cf380,A100-40GB,forward,8,dispatch,16.04820182354543
1908b5916c9a041cf380,A100-40GB,forward,8,expert_compute,9.37884021282135
1908b5916c9a041cf380,A100-40GB,forward,8,return,16.881916810156902
1908b5916c9a041cf380,A100-40GB,forward,8,combine,54.12869239060269
199b5b10f28f08e09800,H100,forward,8,pack,4.763078885859764
199b5b10f28f08e09800,H100,forward,8,dispatch,19.51128520451266
199b5b10f28f08e09800,H100,forward,8,expert_compute,9.64898090856715
199b5b10f28f08e09800,H100,forward,8,return,20.806838189240914
199b5b10f28f08e09800,H100,forward,8,combine,45.26981681181951
1aedbda8315724f6d8cb,B200,forward,2,pack,3.6077649325893235
1aedbda8315724f6d8cb,B200,forward,2,dispatch,15.406632993085367
1aedbda8315724f6d8cb,B200,forward,2,expert_compute,18.12656547965171
1aedbda8315724f6d8cb,B200,forward,2,return,18.310019485842638
1aedbda8315724f6d8cb,B200,forward,2,combine,44.54901710883097
1b69e286e23df9653446,H100,training,4,pack,4.964468400675646
1b69e286e23df9653446,H100,training,4,dispatch,17.83168527685251
1b69e286e23df9653446,H100,training,4,expert_compute,22.66373911011935
1b69e286e23df9653446,H100,training,4,return,21.929830312778968
1b69e286e23df9653446,H100,training,4,combine,32.61027689957353
1ce61436846a93e9edb6,B200,forward,8,pack,4.295592149254016
1ce61436846a93e9edb6,B200,forward,8,dispatch,18.762920678475666
1ce61436846a93e9edb6,B200,forward,8,expert_compute,32.05317441164455
1ce61436846a93e9edb6,B200,forward,8,return,21.363946602278837
1ce61436846a93e9edb6,B200,forward,8,combine,23.52436615834693
1e2436ef4ff8f07fc68f,B200,forward,2,pack,3.994356475561712
1e2436ef4ff8f07fc68f,B200,forward,2,dispatch,17.295001311657614
1e2436ef4ff8f07fc68f,B200,forward,2,expert_compute,37.719431110743315
1e2436ef4ff8f07fc68f,B200,forward,2,return,21.611329641804872
1e2436ef4ff8f07fc68f,B200,forward,2,combine,19.379881460232482
201611e85f418280ada7,B200,training,8,pack,3.343648086306229
201611e85f418280ada7,B200,training,8,dispatch,20.530634508871238
201611e85f418280ada7,B200,training,8,expert_compute,7.556708800729132
201611e85f418280ada7,B200,training,8,return,22.35533950173913
201611e85f418280ada7,B200,training,8,combine,46.213669102354274
2098ca62aa4defab92d8,H100,training,8,pack,5.158187333047456
2098ca62aa4defab92d8,H100,training,8,dispatch,21.0235890092701
2098ca62aa4defab92d8,H100,training,8,expert_compute,11.031176290004435
2098ca62aa4defab92d8,H100,training,8,return,22.124511471412887
2098ca62aa4defab92d8,H100,training,8,combine,40.662535896265126
21232e05fce58c7afe6e,H100,training,4,pack,5.089083828298291
21232e05fce58c7afe6e,H100,training,4,dispatch,17.747085261985234
21232e05fce58c7afe6e,H100,training,4,expert_compute,20.839861165330362
21232e05fce58c7afe6e,H100,training,4,return,21.757486861407152
21232e05fce58c7afe6e,H100,training,4,combine,34.56648288297896
215ce7dfe38483a0d26c,A100-40GB,training,2,pack,4.119637555543943
215ce7dfe38483a0d26c,A100-40GB,training,2,dispatch,11.294759414290393
215ce7dfe38483a0d26c,A100-40GB,training,2,expert_compute,12.238833379052448
215ce7dfe38483a0d26c,A100-40GB,training,2,return,12.032934532191547
215ce7dfe38483a0d26c,A100-40GB,training,2,combine,60.31383511892167
2228d0c4f4d067d1beb3,B200,forward,4,pack,3.7285214192487013
2228d0c4f4d067d1beb3,B200,forward,4,dispatch,15.056590106495204
2228d0c4f4d067d1beb3,B200,forward,4,expert_compute,7.2500441682620735
2228d0c4f4d067d1beb3,B200,forward,4,return,16.58430764638416
2228d0c4f4d067d1beb3,B200,forward,4,combine,57.38053665960986
23338296622a2b7695a4,A100-40GB,forward,8,pack,4.131572574767444
23338296622a2b7695a4,A100-40GB,forward,8,dispatch,13.93416292667236
23338296622a2b7695a4,A100-40GB,forward,8,expert_compute,8.018775893999672
23338296622a2b7695a4,A100-40GB,forward,8,return,14.862685725539814
23338296622a2b7695a4,A100-40GB,forward,8,combine,59.05280287902071
23af9df6218e69e1a669,B200,forward,4,pack,3.769792965764543
23af9df6218e69e1a669,B200,forward,4,dispatch,16.111640609147685
23af9df6218e69e1a669,B200,forward,4,expert_compute,17.70554907809438
23af9df6218e69e1a669,B200,forward,4,return,19.003411642059945
23af9df6218e69e1a669,B200,forward,4,combine,43.40960570493344
23d222c4c13e2e63d632,B200,training,2,pack,4.0253962551547495
23d222c4c13e2e63d632,B200,training,2,dispatch,14.9601640032561
23d222c4c13e2e63d632,B200,training,2,expert_compute,11.044501261925975
23d222c4c13e2e63d632,B200,training,2,return,16.955020203049962
23d222c4c13e2e63d632,B200,training,2,combine,53.014918276613216
24847da4da801977325e,B200,training,8,pack,3.46796609390395
24847da4da801977325e,B200,training,8,dispatch,16.56118702162079
24847da4da801977325e,B200,training,8,expert_compute,8.95630129618523
24847da4da801977325e,B200,training,8,return,18.65689176759239
24847da4da801977325e,B200,training,8,combine,52.357653820697635
2625e68728648c724858,H100,forward,8,pack,4.507463792694427
2625e68728648c724858,H100,forward,8,dispatch,20.070165913290282
2625e68728648c724858,H100,forward,8,expert_compute,31.143810370382567
2625e68728648c724858,H100,forward,8,return,22.694822670373238
2625e68728648c724858,H100,forward,8,combine,21.58373725325949
264a68ba666bcddde4a6,H100,forward,4,pack,4.0287976121023
264a68ba666bcddde4a6,H100,forward,4,dispatch,18.813155193045922
264a68ba666bcddde4a6,H100,forward,4,expert_compute,44.660399749571
264a68ba666bcddde4a6,H100,forward,4,return,20.09217332454186
264a68ba666bcddde4a6,H100,forward,4,combine,12.405474120738914
26afb29e2cd0ba7ba81b,H100,training,8,pack,3.79640390594929
26afb29e2cd0ba7ba81b,H100,training,8,dispatch,18.475535907949727
26afb29e2cd0ba7ba81b,H100,training,8,expert_compute,41.77209625549746
26afb29e2cd0ba7ba81b,H100,training,8,return,16.542949533925686
26afb29e2cd0ba7ba81b,H100,training,8,combine,19.413014396677845
28b97cc0f08982bfe30e,B200,forward,2,pack,3.9032701957604443
28b97cc0f08982bfe30e,B200,forward,2,dispatch,15.619230455035666
28b97cc0f08982bfe30e,B200,forward,2,expert_compute,12.074081834863076
28b97cc0f08982bfe30e,B200,forward,2,return,17.661381120907514
28b97cc0f08982bfe30e,B200,forward,2,combine,50.742036393433295
2adc078a223c1f5028d8,A100-40GB,forward,2,pack,3.535026109615147
2adc078a223c1f5028d8,A100-40GB,forward,2,dispatch,14.297836623249722
2adc078a223c1f5028d8,A100-40GB,forward,2,expert_compute,23.210255723219753
2adc078a223c1f5028d8,A100-40GB,forward,2,return,15.595494369569826
2adc078a223c1f5028d8,A100-40GB,forward,2,combine,43.36138717434555
2b2fd408eecf5a56b391,A100-40GB,forward,2,pack,3.726030608506684
2b2fd408eecf5a56b391,A100-40GB,forward,2,dispatch,17.083421808596054
2b2fd408eecf5a56b391,A100-40GB,forward,2,expert_compute,38.780952742220336
2b2fd408eecf5a56b391,A100-40GB,forward,2,return,17.680271768053473
2b2fd408eecf5a56b391,A100-40GB,forward,2,combine,22.72932307262345
2b73df0e6d50c4620d24,H100,training,2,pack,4.097820905872921
2b73df0e6d50c4620d24,H100,training,2,dispatch,15.971339926302788
2b73df0e6d50c4620d24,H100,training,2,expert_compute,33.50551924902777
2b73df0e6d50c4620d24,H100,training,2,return,20.664480563665734
2b73df0e6d50c4620d24,H100,training,2,combine,25.760839355130784
2c5da79f98b57c4b3e83,B200,training,8,pack,3.801051724199298
2c5da79f98b57c4b3e83,B200,training,8,dispatch,16.608322678566417
2c5da79f98b57c4b3e83,B200,training,8,expert_compute,9.777591309857883
2c5da79f98b57c4b3e83,B200,training,8,return,18.461180972765405
2c5da79f98b57c4b3e83,B200,training,8,combine,51.351853314611
2cc0151c8d97cc1ce031,H100,training,4,pack,5.05036192228779
2cc0151c8d97cc1ce031,H100,training,4,dispatch,17.38438199840409
2cc0151c8d97cc1ce031,H100,training,4,expert_compute,29.603076354909838
2cc0151c8d97cc1ce031,H100,training,4,return,19.499897501214335
2cc0151c8d97cc1ce031,H100,training,4,combine,28.462282223183948
2d842812439799c3f8c5,H100,forward,2,pack,3.978010619746879
2d842812439799c3f8c5,H100,forward,2,dispatch,16.104319052312352
2d842812439799c3f8c5,H100,forward,2,expert_compute,29.989661030045404
2d842812439799c3f8c5,H100,forward,2,return,20.143282699652357
2d842812439799c3f8c5,H100,forward,2,combine,29.784726598243005
2ebe00c1ff7590a763eb,B200,training,2,pack,4.160288434153982
2ebe00c1ff7590a763eb,B200,training,2,dispatch,14.116126078784763
2ebe00c1ff7590a763eb,B200,training,2,expert_compute,5.968727318853579
2ebe00c1ff7590a763eb,B200,training,2,return,14.358783295611541
2ebe00c1ff7590a763eb,B200,training,2,combine,61.39607487259613
2fcf513ab1e1e0d88c78,A100-40GB,training,4,pack,3.8680418094214497
2fcf513ab1e1e0d88c78,A100-40GB,training,4,dispatch,14.299169996436937
2fcf513ab1e1e0d88c78,A100-40GB,training,4,expert_compute,8.599422332080284
2fcf513ab1e1e0d88c78,A100-40GB,training,4,return,16.848659349372706
2fcf513ab1e1e0d88c78,A100-40GB,training,4,combine,56.38470651268862
307824a0f4845c7ed4e7,B200,forward,8,pack,3.6527701241975272
307824a0f4845c7ed4e7,B200,forward,8,dispatch,16.71678539804441
307824a0f4845c7ed4e7,B200,forward,8,expert_compute,17.57255278679015
307824a0f4845c7ed4e7,B200,forward,8,return,19.268199397977142
307824a0f4845c7ed4e7,B200,forward,8,combine,42.789692292990765
32a90b1167a5aa8b41fe,A100-40GB,training,4,pack,4.14325755986792
32a90b1167a5aa8b41fe,A100-40GB,training,4,dispatch,13.194210771106976
32a90b1167a5aa8b41fe,A100-40GB,training,4,expert_compute,23.925645894891172
32a90b1167a5aa8b41fe,A100-40GB,training,4,return,14.23190709454234
32a90b1167a5aa8b41fe,A100-40GB,training,4,combine,44.504978679591595
33c7b3e36ff43f75862a,B200,training,4,pack,4.012275516696752
33c7b3e36ff43f75862a,B200,training,4,dispatch,15.469842877160069
33c7b3e36ff43f75862a,B200,training,4,expert_compute,7.300891717514959
33c7b3e36ff43f75862a,B200,training,4,return,17.49283923765565
33c7b3e36ff43f75862a,B200,training,4,combine,55.72415065097257
343cd4186bb42910f7e4,B200,forward,4,pack,3.5709444529611125
343cd4186bb42910f7e4,B200,forward,4,dispatch,15.581716874108661
343cd4186bb42910f7e4,B200,forward,4,expert_compute,45.73422628227112
343cd4186bb42910f7e4,B200,forward,4,return,18.39438924130774
343cd4186bb42910f7e4,B200,forward,4,combine,16.718723149351355
34468ef1995b11b0595e,H100,forward,8,pack,4.614771555810288
34468ef1995b11b0595e,H100,forward,8,dispatch,19.749593241267657
34468ef1995b11b0595e,H100,forward,8,expert_compute,12.706229166724007
34468ef1995b11b0595e,H100,forward,8,return,22.49216566749891
34468ef1995b11b0595e,H100,forward,8,combine,40.437240368699136
3608a6d26bcef43ca52b,H100,forward,8,pack,4.5249529534588095
3608a6d26bcef43ca52b,H100,forward,8,dispatch,20.143730594603888
3608a6d26bcef43ca52b,H100,forward,8,expert_compute,9.811625075129509
3608a6d26bcef43ca52b,H100,forward,8,return,22.45675992838961
3608a6d26bcef43ca52b,H100,forward,8,combine,43.06293144841818
368691eaee9efd1c3003,B200,training,8,pack,4.917054057176102
368691eaee9efd1c3003,B200,training,8,dispatch,18.200936034273507
368691eaee9efd1c3003,B200,training,8,expert_compute,42.904332929184015
368691eaee9efd1c3003,B200,training,8,return,23.20411241322268
368691eaee9efd1c3003,B200,training,8,combine,10.773564566143692
369606b955f492026d88,A100-40GB,training,8,pack,3.668576849202653
369606b955f492026d88,A100-40GB,training,8,dispatch,21.939242105564983
369606b955f492026d88,A100-40GB,training,8,expert_compute,24.29725827984545
369606b955f492026d88,A100-40GB,training,8,return,19.710747465215583
369606b955f492026d88,A100-40GB,training,8,combine,30.38417530017133
383a870b9cd1a7961425,B200,forward,2,pack,3.6809310389654177
383a870b9cd1a7961425,B200,forward,2,dispatch,15.733206949921184
383a870b9cd1a7961425,B200,forward,2,expert_compute,23.610174772467886
383a870b9cd1a7961425,B200,forward,2,return,17.84144724514207
383a870b9cd1a7961425,B200,forward,2,combine,39.13423999350344
3bf414a3eb847a47a32c,B200,forward,2,pack,3.8845665757270034
3bf414a3eb847a47a32c,B200,forward,2,dispatch,15.486490239522242
3bf414a3eb847a47a32c,B200,forward,2,expert_compute,12.652005917724656
3bf414a3eb847a47a32c,B200,forward,2,return,18.082725414340313
3bf414a3eb847a47a32c,B200,forward,2,combine,49.894211852685785
3d37c6ff1766ff876e7b,B200,training,4,pack,4.245566432404487
3d37c6ff1766ff876e7b,B200,training,4,dispatch,14.429614380678737
3d37c6ff1766ff876e7b,B200,training,4,expert_compute,6.443667475327505
3d37c6ff1766ff876e7b,B200,training,4,return,15.040896512875175
3d37c6ff1766ff876e7b,B200,training,4,combine,59.84025519871409
3f4cef416295110eb86e,B200,training,8,pack,4.199995865963119
3f4cef416295110eb86e,B200,training,8,dispatch,19.82576655497785
3f4cef416295110eb86e,B200,training,8,expert_compute,31.166204140311216
3f4cef416295110eb86e,B200,training,8,return,20.9340518133679
3f4cef416295110eb86e,B200,training,8,combine,23.873981625379912
40dbc4d0dce91d754928,B200,forward,2,pack,3.818513624131472
40dbc4d0dce91d754928,B200,forward,2,dispatch,14.847627327266096
40dbc4d0dce91d754928,B200,forward,2,expert_compute,15.051545370514177
40dbc4d0dce91d754928,B200,forward,2,return,17.93760523094826
40dbc4d0dce91d754928,B200,forward,2,combine,48.34470844713999
41384720f8b70d166eaa,H100,forward,4,pack,2.97972205002056
41384720f8b70d166eaa,H100,forward,4,dispatch,14.7211796352575
41384720f8b70d166eaa,H100,forward,4,expert_compute,52.60291337207825
41384720f8b70d166eaa,H100,forward,4,return,14.746866381893359
41384720f8b70d166eaa,H100,forward,4,combine,14.949318560750331
41fe2f03d10246554076,A100-40GB,training,4,pack,4.403946085773978
41fe2f03d10246554076,A100-40GB,training,4,dispatch,18.685393172493985
41fe2f03d10246554076,A100-40GB,training,4,expert_compute,22.885590607917315
41fe2f03d10246554076,A100-40GB,training,4,return,15.556984904007376
41fe2f03d10246554076,A100-40GB,training,4,combine,38.46808522980734
43c4d0374debf3ff6ef1,A100-40GB,training,8,pack,3.736070718377996
43c4d0374debf3ff6ef1,A100-40GB,training,8,dispatch,17.702904121093376
43c4d0374debf3ff6ef1,A100-40GB,training,8,expert_compute,14.375712774432444
43c4d0374debf3ff6ef1,A100-40GB,training,8,return,18.531192031232457
43c4d0374debf3ff6ef1,A100-40GB,training,8,combine,45.65412035486373
43ebfa5367d39f674289,B200,training,4,pack,3.2973060489663633
43ebfa5367d39f674289,B200,training,4,dispatch,15.202458842402297
43ebfa5367d39f674289,B200,training,4,expert_compute,52.199492399604345
43ebfa5367d39f674289,B200,training,4,return,15.798417962945656
43ebfa5367d39f674289,B200,training,4,combine,13.502324746081339
4421f6a0b1d0f9b868b0,B200,training,4,pack,3.8511703018620276
4421f6a0b1d0f9b868b0,B200,training,4,dispatch,16.50682417426591
4421f6a0b1d0f9b868b0,B200,training,4,expert_compute,20.94243091511906
4421f6a0b1d0f9b868b0,B200,training,4,return,18.925389685229668
4421f6a0b1d0f9b868b0,B200,training,4,combine,39.774184923523336
45240a778085b9c9f5c6,H100,forward,8,pack,3.0503253204343235
45240a778085b9c9f5c6,H100,forward,8,dispatch,15.128414855312556
45240a778085b9c9f5c6,H100,forward,8,expert_compute,51.60237183532902
45240a778085b9c9f5c6,H100,forward,8,return,15.749842233717516
45240a778085b9c9f5c6,H100,forward,8,combine,14.469045755206583
46e843c0927f6b285e4b,H100,training,8,pack,5.190797360080699
46e843c0927f6b285e4b,H100,training,8,dispatch,18.312834172575382
46e843c0927f6b285e4b,H100,training,8,expert_compute,21.46524150288711
46e843c0927f6b285e4b,H100,training,8,return,20.545820630500977
46e843c0927f6b285e4b,H100,training,8,combine,34.48530633395583
472d635d99fbd0acdf83,H100,training,4,pack,4.701083496614393
472d635d99fbd0acdf83,H100,training,4,dispatch,22.89020164217287
472d635d99fbd0acdf83,H100,training,4,expert_compute,9.624011690882142
472d635d99fbd0acdf83,H100,training,4,return,23.88090484761786
472d635d99fbd0acdf83,H100,training,4,combine,38.90379832271273
4789e3de73e62bea95b3,H100,forward,2,pack,4.46233065465684
4789e3de73e62bea95b3,H100,forward,2,dispatch,15.312767341843582
4789e3de73e62bea95b3,H100,forward,2,expert_compute,15.030839705368336
4789e3de73e62bea95b3,H100,forward,2,return,18.27987395855636
4789e3de73e62bea95b3,H100,forward,2,combine,46.91418833957488
4aae77a71b77aeaf1f1c,A100-40GB,training,8,pack,4.575301751161216
4aae77a71b77aeaf1f1c,A100-40GB,training,8,dispatch,23.74051648606794
4aae77a71b77aeaf1f1c,A100-40GB,training,8,expert_compute,35.488653602031846
4aae77a71b77aeaf1f1c,A100-40GB,training,8,return,21.61584569087197
4aae77a71b77aeaf1f1c,A100-40GB,training,8,combine,14.579682469867027
4d709e917c6072d2eb9b,A100-40GB,forward,4,pack,3.8663062000211266
4d709e917c6072d2eb9b,A100-40GB,forward,4,dispatch,14.360219992393368
4d709e917c6072d2eb9b,A100-40GB,forward,4,expert_compute,8.481358189525782
4d709e917c6072d2eb9b,A100-40GB,forward,4,return,16.059392388789366
4d709e917c6072d2eb9b,A100-40GB,forward,4,combine,57.23272322927036
4d74205f84c882528106,B200,forward,8,pack,4.406396272157378
4d74205f84c882528106,B200,forward,8,dispatch,19.77655883259331
4d74205f84c882528106,B200,forward,8,expert_compute,33.5573649689812
4d74205f84c882528106,B200,forward,8,return,21.836077341698434
4d74205f84c882528106,B200,forward,8,combine,20.42360258456967
4fa591c1e052647ee448,B200,training,8,pack,3.636550102044681
4fa591c1e052647ee448,B200,training,8,dispatch,16.983440325960608
4fa591c1e052647ee448,B200,training,8,expert_compute,17.648328058379082
4fa591c1e052647ee448,B200,training,8,return,19.41126430673028
4fa591c1e052647ee448,B200,training,8,combine,42.320417206885345
5180db62ad1493e9301b,H100,forward,2,pack,3.2597347746707115
5180db62ad1493e9301b,H100,forward,2,dispatch,15.194859383100363
5180db62ad1493e9301b,H100,forward,2,expert_compute,41.185207807613594
5180db62ad1493e9301b,H100,forward,2,return,15.52694915804167
5180db62ad1493e9301b,H100,forward,2,combine,24.833248876573663
51910d3a9e9e36865495,A100-40GB,forward,8,pack,3.8188310222154334
51910d3a9e9e36865495,A100-40GB,forward,8,dispatch,16.33470758819275
51910d3a9e9e36865495,A100-40GB,forward,8,expert_compute,8.48789341556529
51910d3a9e9e36865495,A100-40GB,forward,8,return,17.142468046272604
51910d3a9e9e36865495,A100-40GB,forward,8,combine,54.21609992775392
53464d9caaca85898ed1,H100,training,2,pack,4.987668531231949
53464d9caaca85898ed1,H100,training,2,dispatch,14.666649972886633
53464d9caaca85898ed1,H100,training,2,expert_compute,12.027121743436368
53464d9caaca85898ed1,H100,training,2,return,16.9114179928491
53464d9caaca85898ed1,H100,training,2,combine,51.40714175959595
55506fe7c3e601fc8a24,A100-40GB,forward,4,pack,5.33582549275823
55506fe7c3e601fc8a24,A100-40GB,forward,4,dispatch,21.188419356696517
55506fe7c3e601fc8a24,A100-40GB,forward,4,expert_compute,38.05513070831033
55506fe7c3e601fc8a24,A100-40GB,forward,4,return,22.486981819962025
55506fe7c3e601fc8a24,A100-40GB,forward,4,combine,12.933642622272902
55b1dd8eec170d023a51,H100,forward,4,pack,4.779867369616133
55b1dd8eec170d023a51,H100,forward,4,dispatch,18.57424834139731
55b1dd8eec170d023a51,H100,forward,4,expert_compute,28.211860292908153
55b1dd8eec170d023a51,H100,forward,4,return,20.1998870264733
55b1dd8eec170d023a51,H100,forward,4,combine,28.234136969605103
56e21c4ad1150c43bc3b,B200,forward,8,pack,3.675442200105775
56e21c4ad1150c43bc3b,B200,forward,8,dispatch,16.099674724356177
56e21c4ad1150c43bc3b,B200,forward,8,expert_compute,11.937891018666758
56e21c4ad1150c43bc3b,B200,forward,8,return,18.490051720745925
56e21c4ad1150c43bc3b,B200,forward,8,combine,49.79694033612537
5829694f27ddb424465b,A100-40GB,forward,8,pack,3.390230069036504
5829694f27ddb424465b,A100-40GB,forward,8,dispatch,20.765578906656877
5829694f27ddb424465b,A100-40GB,forward,8,expert_compute,21.869845033170773
5829694f27ddb424465b,A100-40GB,forward,8,return,20.011446859900907
5829694f27ddb424465b,A100-40GB,forward,8,combine,33.96289913123494
5892dc9f52b64d3e412f,B200,forward,4,pack,2.8841336130932005
5892dc9f52b64d3e412f,B200,forward,4,dispatch,14.585480732787744
5892dc9f52b64d3e412f,B200,forward,4,expert_compute,24.219458388716117
5892dc9f52b64d3e412f,B200,forward,4,return,17.10209195182486
5892dc9f52b64d3e412f,B200,forward,4,combine,41.20883531357808
5a0d994e7518b0833e5e,H100,forward,2,pack,4.0213782954735
5a0d994e7518b0833e5e,H100,forward,2,dispatch,16.195121756803285
5a0d994e7518b0833e5e,H100,forward,2,expert_compute,44.25652361049999
5a0d994e7518b0833e5e,H100,forward,2,return,18.495300909061385
5a0d994e7518b0833e5e,H100,forward,2,combine,17.031675428161847
5a158856f04407c1e42a,B200,training,4,pack,3.574287867247424
5a158856f04407c1e42a,B200,training,4,dispatch,19.991465279618602
5a158856f04407c1e42a,B200,training,4,expert_compute,7.142132873748983
5a158856f04407c1e42a,B200,training,4,return,20.591500524933537
5a158856f04407c1e42a,B200,training,4,combine,48.70061345445146
5b984d8c59ae74c1a44d,H100,training,8,pack,4.862650128449989
5b984d8c59ae74c1a44d,H100,training,8,dispatch,20.264623065960333
5b984d8c59ae74c1a44d,H100,training,8,expert_compute,34.24759801950684
5b984d8c59ae74c1a44d,H100,training,8,return,23.117989807743804
5b984d8c59ae74c1a44d,H100,training,8,combine,17.507138978339036
5c882191cef119c666b8,A100-40GB,forward,2,pack,3.9233887631070923
5c882191cef119c666b8,A100-40GB,forward,2,dispatch,13.72182715867502
5c882191cef119c666b8,A100-40GB,forward,2,expert_compute,17.54575781053471
5c882191cef119c666b8,A100-40GB,forward,2,return,16.69946901640921
5c882191cef119c666b8,A100-40GB,forward,2,combine,48.10955725127397
5f52381f12c6cd392948,A100-40GB,forward,8,pack,2.950643277011693
5f52381f12c6cd392948,A100-40GB,forward,8,dispatch,17.10439977400658
5f52381f12c6cd392948,A100-40GB,forward,8,expert_compute,20.991111268312984
5f52381f12c6cd392948,A100-40GB,forward,8,return,16.359880004011394
5f52381f12c6cd392948,A100-40GB,forward,8,combine,42.593965676657355
60ff3772d9cc421d0898,A100-40GB,training,4,pack,4.553322595284472
60ff3772d9cc421d0898,A100-40GB,training,4,dispatch,14.983090750682843
60ff3772d9cc421d0898,A100-40GB,training,4,expert_compute,16.285533826240947
60ff3772d9cc421d0898,A100-40GB,training,4,return,16.960751106276305
60ff3772d9cc421d0898,A100-40GB,training,4,combine,47.21730172151543
61f9018493deef4270eb,H100,forward,2,pack,3.654911692179427
61f9018493deef4270eb,H100,forward,2,dispatch,12.867786910040415
61f9018493deef4270eb,H100,forward,2,expert_compute,29.677100246535275
61f9018493deef4270eb,H100,forward,2,return,17.065056067054684
61f9018493deef4270eb,H100,forward,2,combine,36.735145084190194
62ce219dc6936002c075,H100,forward,4,pack,4.594514025367107
62ce219dc6936002c075,H100,forward,4,dispatch,17.996927430864183
62ce219dc6936002c075,H100,forward,4,expert_compute,10.36345146339493
62ce219dc6936002c075,H100,forward,4,return,19.945159979960877
62ce219dc6936002c075,H100,forward,4,combine,47.099947100412905
63be321e6b3b78406032,B200,training,2,pack,4.28458025361458
63be321e6b3b78406032,B200,training,2,dispatch,13.007793020900213
63be321e6b3b78406032,B200,training,2,expert_compute,9.820500749965639
63be321e6b3b78406032,B200,training,2,return,14.507400210881677
63be321e6b3b78406032,B200,training,2,combine,58.3797257646379
64afb5946ae4717cb28b,H100,training,8,pack,4.848828059222599
64afb5946ae4717cb28b,H100,training,8,dispatch,21.66276393497344
64afb5946ae4717cb28b,H100,training,8,expert_compute,9.478155377828298
64afb5946ae4717cb28b,H100,training,8,return,24.39945587226002
64afb5946ae4717cb28b,H100,training,8,combine,39.61079675571564
6508682761a1616a8409,B200,training,4,pack,4.262229809131835
6508682761a1616a8409,B200,training,4,dispatch,15.690488839136407
6508682761a1616a8409,B200,training,4,expert_compute,8.2480547806409
6508682761a1616a8409,B200,training,4,return,16.565989138242504
6508682761a1616a8409,B200,training,4,combine,55.233237432848355
66ac4b8363284c050e1c,B200,training,2,pack,4.055443927250645
66ac4b8363284c050e1c,B200,training,2,dispatch,13.210194815732649
66ac4b8363284c050e1c,B200,training,2,expert_compute,8.983913623603755
66ac4b8363284c050e1c,B200,training,2,return,13.951632721706833
66ac4b8363284c050e1c,B200,training,2,combine,59.79881491170612
672fba5b510fb6a9175e,A100-40GB,training,2,pack,4.118478584601084
672fba5b510fb6a9175e,A100-40GB,training,2,dispatch,11.393268898837531
672fba5b510fb6a9175e,A100-40GB,training,2,expert_compute,12.25224457040853
672fba5b510fb6a9175e,A100-40GB,training,2,return,12.415484329587265
672fba5b510fb6a9175e,A100-40GB,training,2,combine,59.820523616565595
67c17ac979d0cb0f1140,H100,forward,2,pack,5.1354612723697155
67c17ac979d0cb0f1140,H100,forward,2,dispatch,16.04376829503478
67c17ac979d0cb0f1140,H100,forward,2,expert_compute,15.276263816620748
67c17ac979d0cb0f1140,H100,forward,2,return,18.328997643444616
67c17ac979d0cb0f1140,H100,forward,2,combine,45.215508972530145
68024cc03d633f74c8c7,A100-40GB,training,2,pack,3.9394870568226033
68024cc03d633f74c8c7,A100-40GB,training,2,dispatch,12.134845397419728
68024cc03d633f74c8c7,A100-40GB,training,2,expert_compute,12.407079469414636
68024cc03d633f74c8c7,A100-40GB,training,2,return,13.553476747764943
68024cc03d633f74c8c7,A100-40GB,training,2,combine,57.96511132857809
694052c2cd500d086ed0,H100,training,8,pack,4.703718216359929
694052c2cd500d086ed0,H100,training,8,dispatch,19.861665561937905
694052c2cd500d086ed0,H100,training,8,expert_compute,20.16722377680108
694052c2cd500d086ed0,H100,training,8,return,23.801877097613243
694052c2cd500d086ed0,H100,training,8,combine,31.46551534728784
6a1c6e3367a82d72988b,A100-40GB,forward,2,pack,2.756268913053809
6a1c6e3367a82d72988b,A100-40GB,forward,2,dispatch,10.004429306403633
6a1c6e3367a82d72988b,A100-40GB,forward,2,expert_compute,19.82744343026597
6a1c6e3367a82d72988b,A100-40GB,forward,2,return,10.26988070563855
6a1c6e3367a82d72988b,A100-40GB,forward,2,combine,57.14197764463803
6e1d5f2bc5a2f8efecd6,B200,training,4,pack,3.912441014304256
6e1d5f2bc5a2f8efecd6,B200,training,4,dispatch,15.662059956730745
6e1d5f2bc5a2f8efecd6,B200,training,4,expert_compute,9.551106043959035
6e1d5f2bc5a2f8efecd6,B200,training,4,return,17.826691528348917
6e1d5f2bc5a2f8efecd6,B200,training,4,combine,53.04770145665705
6f7cdd0cf0f2c340d067,B200,training,4,pack,4.385158498776612
6f7cdd0cf0f2c340d067,B200,training,4,dispatch,16.882272403192957
6f7cdd0cf0f2c340d067,B200,training,4,expert_compute,24.33481409706355
6f7cdd0cf0f2c340d067,B200,training,4,return,20.128543132788067
6f7cdd0cf0f2c340d067,B200,training,4,combine,34.269211868178814
7019950bfdee406dec8e,B200,forward,8,pack,3.1485653228740995
7019950bfdee406dec8e,B200,forward,8,dispatch,15.375649664908117
7019950bfdee406dec8e,B200,forward,8,expert_compute,45.11043289672996
7019950bfdee406dec8e,B200,forward,8,return,16.930633750002524
7019950bfdee406dec8e,B200,forward,8,combine,19.4347183654853
714b01e8ba9f0d5eea49,B200,forward,2,pack,3.4241745206288625
714b01e8ba9f0d5eea49,B200,forward,2,dispatch,14.39600994116043
714b01e8ba9f0d5eea49,B200,forward,2,expert_compute,29.84436756982838
714b01e8ba9f0d5eea49,B200,forward,2,return,18.88409263859631
714b01e8ba9f0d5eea49,B200,forward,2,combine,33.45135532978602
72a34f55f5ddc6382bd7,H100,forward,2,pack,4.171552813712678
72a34f55f5ddc6382bd7,H100,forward,2,dispatch,16.964148742920624
72a34f55f5ddc6382bd7,H100,forward,2,expert_compute,42.21040391173147
72a34f55f5ddc6382bd7,H100,forward,2,return,22.587739354835
72a34f55f5ddc6382bd7,H100,forward,2,combine,14.06615517680023
74d6fc77c2a2dcd4bcb9,A100-40GB,forward,8,pack,2.2150388255562348
74d6fc77c2a2dcd4bcb9,A100-40GB,forward,8,dispatch,14.134261342850493
74d6fc77c2a2dcd4bcb9,A100-40GB,forward,8,expert_compute,47.54418473869234
74d6fc77c2a2dcd4bcb9,A100-40GB,forward,8,return,13.576611432279238
74d6fc77c2a2dcd4bcb9,A100-40GB,forward,8,combine,22.5299036606217
750dff192245514814f5,A100-40GB,training,8,pack,3.696032215678706
750dff192245514814f5,A100-40GB,training,8,dispatch,14.057089663558214
750dff192245514814f5,A100-40GB,training,8,expert_compute,17.428355078786304
750dff192245514814f5,A100-40GB,training,8,return,14.94912053110566
750dff192245514814f5,A100-40GB,training,8,combine,49.86940251087112
763a1ec11793f5451cec,H100,training,4,pack,4.6605616571200414
763a1ec11793f5451cec,H100,training,4,dispatch,17.127185637400736
763a1ec11793f5451cec,H100,training,4,expert_compute,25.102187723417828
763a1ec11793f5451cec,H100,training,4,return,19.316625935549478
763a1ec11793f5451cec,H100,training,4,combine,33.793439046511914
772f94797503a135a9c1,B200,training,4,pack,3.749098626697983
772f94797503a135a9c1,B200,training,4,dispatch,15.1111371979053
772f94797503a135a9c1,B200,training,4,expert_compute,17.09680723759824
772f94797503a135a9c1,B200,training,4,return,17.868862729783885
772f94797503a135a9c1,B200,training,4,combine,46.17409420801459
77909492e5bdace11c6c,B200,training,2,pack,4.696048730802347
77909492e5bdace11c6c,B200,training,2,dispatch,16.343892589290334
77909492e5bdace11c6c,B200,training,2,expert_compute,28.1615086931885
77909492e5bdace11c6c,B200,training,2,return,19.098214903914023
77909492e5bdace11c6c,B200,training,2,combine,31.700335082804795
7959f39a2a86398eec82,H100,training,2,pack,5.25031128804177
7959f39a2a86398eec82,H100,training,2,dispatch,15.172410880633118
7959f39a2a86398eec82,H100,training,2,expert_compute,14.549099952768243
7959f39a2a86398eec82,H100,training,2,return,16.807368272584373
7959f39a2a86398eec82,H100,training,2,combine,48.22080960597249
7982caa750d54fe4da58,A100-40GB,forward,2,pack,3.7069968751581763
7982caa750d54fe4da58,A100-40GB,forward,2,dispatch,13.33861349085781
7982caa750d54fe4da58,A100-40GB,forward,2,expert_compute,10.126905712552183
7982caa750d54fe4da58,A100-40GB,forward,2,return,14.065963453574241
7982caa750d54fe4da58,A100-40GB,forward,2,combine,58.761520467857586
7a989680d6e91cc4c1e7,H100,forward,8,pack,3.3456156715105188
7a989680d6e91cc4c1e7,H100,forward,8,dispatch,17.898946102874582
7a989680d6e91cc4c1e7,H100,forward,8,expert_compute,25.146409083632392
7a989680d6e91cc4c1e7,H100,forward,8,return,18.43994437055087
7a989680d6e91cc4c1e7,H100,forward,8,combine,35.16908477143164
7d522f2229c29d1d9c73,A100-40GB,training,2,pack,4.211008743661267
7d522f2229c29d1d9c73,A100-40GB,training,2,dispatch,12.596209426665236
7d522f2229c29d1d9c73,A100-40GB,training,2,expert_compute,8.492229071987536
7d522f2229c29d1d9c73,A100-40GB,training,2,return,13.13438365429709
7d522f2229c29d1d9c73,A100-40GB,training,2,combine,61.56616910338887
7f43862bb951031f1f34,B200,training,4,pack,4.602159501037784
7f43862bb951031f1f34,B200,training,4,dispatch,18.897460384996574
7f43862bb951031f1f34,B200,training,4,expert_compute,39.96352446940621
7f43862bb951031f1f34,B200,training,4,return,20.67047719417815
7f43862bb951031f1f34,B200,training,4,combine,15.866378450381283
84607c16d2b3369dd133,H100,forward,8,pack,4.9890741473255105
84607c16d2b3369dd133,H100,forward,8,dispatch,20.326273504991736
84607c16d2b3369dd133,H100,forward,8,expert_compute,13.142437709656807
84607c16d2b3369dd133,H100,forward,8,return,22.509507454776177
84607c16d2b3369dd133,H100,forward,8,combine,39.03270718324977
85daa4b1bd7a6ad24f6c,H100,forward,2,pack,3.6998268006802526
85daa4b1bd7a6ad24f6c,H100,forward,2,dispatch,13.373565208628758
85daa4b1bd7a6ad24f6c,H100,forward,2,expert_compute,29.887010558346738
85daa4b1bd7a6ad24f6c,H100,forward,2,return,18.354199575419713
85daa4b1bd7a6ad24f6c,H100,forward,2,combine,34.68539785692454
8688ca8e2c485a45aedc,H100,forward,8,pack,5.039938317214215
8688ca8e2c485a45aedc,H100,forward,8,dispatch,20.399903216705763
8688ca8e2c485a45aedc,H100,forward,8,expert_compute,12.80503591362881
8688ca8e2c485a45aedc,H100,forward,8,return,23.023485496721175
8688ca8e2c485a45aedc,H100,forward,8,combine,38.73163705573003
86bc140b263ea026e7b8,H100,training,8,pack,4.66363771788816
86bc140b263ea026e7b8,H100,training,8,dispatch,20.149551662910483
86bc140b263ea026e7b8,H100,training,8,expert_compute,9.765605334720824
86bc140b263ea026e7b8,H100,training,8,return,22.390388863673458
86bc140b263ea026e7b8,H100,training,8,combine,43.03081642080707
86ea6599f212f1fbce31,B200,forward,8,pack,3.502836824656547
86ea6599f212f1fbce31,B200,forward,8,dispatch,15.865314449116553
86ea6599f212f1fbce31,B200,forward,8,expert_compute,12.25739688836995
86ea6599f212f1fbce31,B200,forward,8,return,18.43507950930841
86ea6599f212f1fbce31,B200,forward,8,combine,49.939372328548544
876722727a9d3e7af097,A100-40GB,training,8,pack,3.7031251182726166
876722727a9d3e7af097,A100-40GB,training,8,dispatch,20.00968089844543
876722727a9d3e7af097,A100-40GB,training,8,expert_compute,6.84897950884886
876722727a9d3e7af097,A100-40GB,training,8,return,20.657382354530252
876722727a9d3e7af097,A100-40GB,training,8,combine,48.78083211990284
8b7fcd37c306976d9220,A100-40GB,training,2,pack,3.7457439806830006
8b7fcd37c306976d9220,A100-40GB,training,2,dispatch,15.177461503845347
8b7fcd37c306976d9220,A100-40GB,training,2,expert_compute,26.474354415148653
8b7fcd37c306976d9220,A100-40GB,training,2,return,15.88466923741516
8b7fcd37c306976d9220,A100-40GB,training,2,combine,38.71777086290784
8c6bbe665234de16d2b7,B200,forward,2,pack,3.4892317583533385
8c6bbe665234de16d2b7,B200,forward,2,dispatch,16.340878498951568
8c6bbe665234de16d2b7,B200,forward,2,expert_compute,28.961583177014468
8c6bbe665234de16d2b7,B200,forward,2,return,18.06776497156952
8c6bbe665234de16d2b7,B200,forward,2,combine,33.1405415941111
8e3658d0ea84b36330dc,B200,training,8,pack,3.646183814335866
8e3658d0ea84b36330dc,B200,training,8,dispatch,16.655522779133648
8e3658d0ea84b36330dc,B200,training,8,expert_compute,6.767007465290623
8e3658d0ea84b36330dc,B200,training,8,return,18.912844512853678
8e3658d0ea84b36330dc,B200,training,8,combine,54.01844142838618
8eb45837c46252ea0c0d,A100-40GB,forward,4,pack,3.687852479051059
8eb45837c46252ea0c0d,A100-40GB,forward,4,dispatch,13.808672791563154
8eb45837c46252ea0c0d,A100-40GB,forward,4,expert_compute,7.43150314970444
8eb45837c46252ea0c0d,A100-40GB,forward,4,return,14.806972438755531
8eb45837c46252ea0c0d,A100-40GB,forward,4,combine,60.264999140925816
915b8a77be7ec6dd4a07,H100,training,4,pack,4.8732795428758315
915b8a77be7ec6dd4a07,H100,training,4,dispatch,17.01771086890973
915b8a77be7ec6dd4a07,H100,training,4,expert_compute,17.918293075836402
915b8a77be7ec6dd4a07,H100,training,4,return,21.187087637569093
915b8a77be7ec6dd4a07,H100,training,4,combine,39.00362887480894
9228021a939e855108ee,B200,training,4,pack,3.834101027692247
9228021a939e855108ee,B200,training,4,dispatch,15.43560664973332
9228021a939e855108ee,B200,training,4,expert_compute,14.045040178215991
9228021a939e855108ee,B200,training,4,return,19.008099839991992
9228021a939e855108ee,B200,training,4,combine,47.67715230436645
9775a5e8bf34812e9dd0,A100-40GB,training,4,pack,4.290664251347815
9775a5e8bf34812e9dd0,A100-40GB,training,4,dispatch,16.254569845511053
9775a5e8bf34812e9dd0,A100-40GB,training,4,expert_compute,18.137319651549895
9775a5e8bf34812e9dd0,A100-40GB,training,4,return,17.67522503458041
9775a5e8bf34812e9dd0,A100-40GB,training,4,combine,43.64222121701083
97a097861a9be2df3dfe,A100-40GB,training,2,pack,4.242453657488953
97a097861a9be2df3dfe,A100-40GB,training,2,dispatch,13.953380479238842
97a097861a9be2df3dfe,A100-40GB,training,2,expert_compute,16.305054034492812
97a097861a9be2df3dfe,A100-40GB,training,2,return,15.694491497212827
97a097861a9be2df3dfe,A100-40GB,training,2,combine,49.80462033156657
98d890af4bd2a8730d33,A100-40GB,forward,4,pack,3.814184582488048
98d890af4bd2a8730d33,A100-40GB,forward,4,dispatch,20.434949061521007
98d890af4bd2a8730d33,A100-40GB,forward,4,expert_compute,39.33799219643645
98d890af4bd2a8730d33,A100-40GB,forward,4,return,18.150074892788133
98d890af4bd2a8730d33,A100-40GB,forward,4,combine,18.262799266766358
99c9faeee789c506c1eb,B200,forward,2,pack,3.447006744578723
99c9faeee789c506c1eb,B200,forward,2,dispatch,15.134690617598778
99c9faeee789c506c1eb,B200,forward,2,expert_compute,22.78991145219187
99c9faeee789c506c1eb,B200,forward,2,return,19.534367180259046
99c9faeee789c506c1eb,B200,forward,2,combine,39.09402400537158
9b38822ef3d676ea948b,H100,training,2,pack,5.127123476248021
9b38822ef3d676ea948b,H100,training,2,dispatch,15.885950086478296
9b38822ef3d676ea948b,H100,training,2,expert_compute,24.22689486283415
9b38822ef3d676ea948b,H100,training,2,return,19.700444970881048
9b38822ef3d676ea948b,H100,training,2,combine,35.059586603558486
9d0e7d5af00c81587085,A100-40GB,training,4,pack,4.047471226975545
9d0e7d5af00c81587085,A100-40GB,training,4,dispatch,16.42418149202755
9d0e7d5af00c81587085,A100-40GB,training,4,expert_compute,9.220276319617732
9d0e7d5af00c81587085,A100-40GB,training,4,return,18.225292791845273
9d0e7d5af00c81587085,A100-40GB,training,4,combine,52.0827781695339
9de66717a65e66526146,B200,training,8,pack,3.898036423132822
9de66717a65e66526146,B200,training,8,dispatch,18.86811742709808
9de66717a65e66526146,B200,training,8,expert_compute,33.75886485673484
9de66717a65e66526146,B200,training,8,return,21.635004739865163
9de66717a65e66526146,B200,training,8,combine,21.839976553169095
9f40dd5699cbcbdb816e,H100,training,8,pack,4.474317444379536
9f40dd5699cbcbdb816e,H100,training,8,dispatch,19.160698950567344
9f40dd5699cbcbdb816e,H100,training,8,expert_compute,41.20181102465753
9f40dd5699cbcbdb816e,H100,training,8,return,24.871072730536767
9f40dd5699cbcbdb816e,H100,training,8,combine,10.292099849858825
a0ff663c74d0d6332c6a,H100,training,8,pack,4.452272654262561
a0ff663c74d0d6332c6a,H100,training,8,dispatch,26.339984776751585
a0ff663c74d0d6332c6a,H100,training,8,expert_compute,8.651403471751234
a0ff663c74d0d6332c6a,H100,training,8,return,25.286950210856954
a0ff663c74d0d6332c6a,H100,training,8,combine,35.26938888637767
a409baa5f41c6355d5b3,A100-40GB,forward,2,pack,4.3673295678922175
a409baa5f41c6355d5b3,A100-40GB,forward,2,dispatch,18.20412917813418
a409baa5f41c6355d5b3,A100-40GB,forward,2,expert_compute,34.71319706647289
a409baa5f41c6355d5b3,A100-40GB,forward,2,return,18.43120992303806
a409baa5f41c6355d5b3,A100-40GB,forward,2,combine,24.28413426446265
a6f8706e5c338e6e78d2,B200,training,4,pack,3.8757768998089155
a6f8706e5c338e6e78d2,B200,training,4,dispatch,15.990255680536775
a6f8706e5c338e6e78d2,B200,training,4,expert_compute,26.642057947351677
a6f8706e5c338e6e78d2,B200,training,4,return,17.981779220856364
a6f8706e5c338e6e78d2,B200,training,4,combine,35.51013025144627
a76c60da2878e36fff26,H100,forward,4,pack,4.915564870333608
a76c60da2878e36fff26,H100,forward,4,dispatch,17.761401339184626
a76c60da2878e36fff26,H100,forward,4,expert_compute,9.784917959416628
a76c60da2878e36fff26,H100,forward,4,return,19.49801942794113
a76c60da2878e36fff26,H100,forward,4,combine,48.040096403124004
a7e67db75aae6a350d7c,H100,training,4,pack,5.038340232507856
a7e67db75aae6a350d7c,H100,training,4,dispatch,18.89424928841722
a7e67db75aae6a350d7c,H100,training,4,expert_compute,8.936342078034706
a7e67db75aae6a350d7c,H100,training,4,return,19.230841648841817
a7e67db75aae6a350d7c,H100,training,4,combine,47.9002267521984
aafd8496a2fa829b1308,A100-40GB,forward,2,pack,3.6879862222998243
aafd8496a2fa829b1308,A100-40GB,forward,2,dispatch,15.987470210201156
aafd8496a2fa829b1308,A100-40GB,forward,2,expert_compute,26.58492187191151
aafd8496a2fa829b1308,A100-40GB,forward,2,return,17.501937000252333
aafd8496a2fa829b1308,A100-40GB,forward,2,combine,36.237684695335176
acc5971616fc70f15a30,B200,training,4,pack,3.4772920993502074
acc5971616fc70f15a30,B200,training,4,dispatch,14.86132140834781
acc5971616fc70f15a30,B200,training,4,expert_compute,20.01826056613072
acc5971616fc70f15a30,B200,training,4,return,16.87393901831276
acc5971616fc70f15a30,B200,training,4,combine,44.7691869078585
acce02b51098c0191570,H100,training,2,pack,6.08304242521681
acce02b51098c0191570,H100,training,2,dispatch,14.161685527461412
acce02b51098c0191570,H100,training,2,expert_compute,27.31858836746251
acce02b51098c0191570,H100,training,2,return,22.44943271921497
acce02b51098c0191570,H100,training,2,combine,29.9872509606443
ace80f4a7c248e2e44f7,A100-40GB,forward,2,pack,3.9095572703464216
ace80f4a7c248e2e44f7,A100-40GB,forward,2,dispatch,13.78364621098932
ace80f4a7c248e2e44f7,A100-40GB,forward,2,expert_compute,20.80172470938603
ace80f4a7c248e2e44f7,A100-40GB,forward,2,return,15.659239523254637
ace80f4a7c248e2e44f7,A100-40GB,forward,2,combine,45.84583228602359
adb498e18c76565bb3ee,B200,training,8,pack,3.8047422469940306
adb498e18c76565bb3ee,B200,training,8,dispatch,15.866777004519916
adb498e18c76565bb3ee,B200,training,8,expert_compute,8.526809447451654
adb498e18c76565bb3ee,B200,training,8,return,17.453886414913292
adb498e18c76565bb3ee,B200,training,8,combine,54.34778488612111
adf0ed201023e49f864d,H100,forward,2,pack,4.49510300024491
adf0ed201023e49f864d,H100,forward,2,dispatch,15.591326078313113
adf0ed201023e49f864d,H100,forward,2,expert_compute,26.207100798450266
adf0ed201023e49f864d,H100,forward,2,return,18.864517442120416
adf0ed201023e49f864d,H100,forward,2,combine,34.841952680871294
afbf2e9e016df4b04e7f,B200,training,8,pack,3.3564793757846343
afbf2e9e016df4b04e7f,B200,training,8,dispatch,16.077349978659797
afbf2e9e016df4b04e7f,B200,training,8,expert_compute,8.090508535460687
afbf2e9e016df4b04e7f,B200,training,8,return,19.03659887002427
afbf2e9e016df4b04e7f,B200,training,8,combine,53.43906324007061
b2495825e1a4ce32b804,A100-40GB,training,8,pack,4.112632838329384
b2495825e1a4ce32b804,A100-40GB,training,8,dispatch,16.926428788652874
b2495825e1a4ce32b804,A100-40GB,training,8,expert_compute,8.341055085448534
b2495825e1a4ce32b804,A100-40GB,training,8,return,20.964155308202578
b2495825e1a4ce32b804,A100-40GB,training,8,combine,49.65572797936663
b70f2c48b13ec4041bea,A100-40GB,forward,4,pack,4.135406367649098
b70f2c48b13ec4041bea,A100-40GB,forward,4,dispatch,16.966925587844518
b70f2c48b13ec4041bea,A100-40GB,forward,4,expert_compute,22.950808097572256
b70f2c48b13ec4041bea,A100-40GB,forward,4,return,17.149650222093015
b70f2c48b13ec4041bea,A100-40GB,forward,4,combine,38.79720972484111
b8f616e39604b9dd1545,H100,forward,4,pack,4.494861253079742
b8f616e39604b9dd1545,H100,forward,4,dispatch,16.59158493182899
b8f616e39604b9dd1545,H100,forward,4,expert_compute,13.875032344686714
b8f616e39604b9dd1545,H100,forward,4,return,17.27534069318858
b8f616e39604b9dd1545,H100,forward,4,combine,47.76318077721598
baba27abc8dcbcb3e89b,H100,training,2,pack,4.833582160869443
baba27abc8dcbcb3e89b,H100,training,2,dispatch,14.171926834678944
baba27abc8dcbcb3e89b,H100,training,2,expert_compute,12.837226609091616
baba27abc8dcbcb3e89b,H100,training,2,return,14.989940553126992
baba27abc8dcbcb3e89b,H100,training,2,combine,53.167323842233
bd44b8f7829b4f66bd4c,A100-40GB,forward,8,pack,3.766650591433027
bd44b8f7829b4f66bd4c,A100-40GB,forward,8,dispatch,15.519770802283505
bd44b8f7829b4f66bd4c,A100-40GB,forward,8,expert_compute,7.746437219933657
bd44b8f7829b4f66bd4c,A100-40GB,forward,8,return,18.793801254064824
bd44b8f7829b4f66bd4c,A100-40GB,forward,8,combine,54.17334013228499
bf4690c091ff0b7ae4a6,H100,training,4,pack,5.524410089335673
bf4690c091ff0b7ae4a6,H100,training,4,dispatch,18.968078847339296
bf4690c091ff0b7ae4a6,H100,training,4,expert_compute,11.416766752467758
bf4690c091ff0b7ae4a6,H100,training,4,return,19.479408672986715
bf4690c091ff0b7ae4a6,H100,training,4,combine,44.61133563787055
c5315dc704945c2730f8,A100-40GB,training,4,pack,4.170195028910285
c5315dc704945c2730f8,A100-40GB,training,4,dispatch,15.435599781812147
c5315dc704945c2730f8,A100-40GB,training,4,expert_compute,8.037749902608608
c5315dc704945c2730f8,A100-40GB,training,4,return,15.238880886212106
c5315dc704945c2730f8,A100-40GB,training,4,combine,57.11757440045685
c6707385b3d62dd1bc2c,H100,training,8,pack,5.152321618414622
c6707385b3d62dd1bc2c,H100,training,8,dispatch,20.32819270696057
c6707385b3d62dd1bc2c,H100,training,8,expert_compute,13.547708478412236
c6707385b3d62dd1bc2c,H100,training,8,return,23.757850157142606
c6707385b3d62dd1bc2c,H100,training,8,combine,37.213927039069965
c78493afd60a3dd56720,H100,training,2,pack,4.693686991496543
c78493afd60a3dd56720,H100,training,2,dispatch,13.359529806440978
c78493afd60a3dd56720,H100,training,2,expert_compute,37.486651051654505
c78493afd60a3dd56720,H100,training,2,return,30.24978086952767
c78493afd60a3dd56720,H100,training,2,combine,14.210351280880298
c8fba6bfa233acbb1e55,B200,forward,2,pack,4.027035717748271
c8fba6bfa233acbb1e55,B200,forward,2,dispatch,15.378159888885623
c8fba6bfa233acbb1e55,B200,forward,2,expert_compute,13.936348682296934
c8fba6bfa233acbb1e55,B200,forward,2,return,17.76031973258775
c8fba6bfa233acbb1e55,B200,forward,2,combine,48.89813597848142
c9c657e308ac2b238855,B200,training,2,pack,4.242994196041984
c9c657e308ac2b238855,B200,training,2,dispatch,16.510619733276876
c9c657e308ac2b238855,B200,training,2,expert_compute,35.251535384616325
c9c657e308ac2b238855,B200,training,2,return,18.472230909113748
c9c657e308ac2b238855,B200,training,2,combine,25.522619776951068
cd7c0077644db160abdc,A100-40GB,forward,8,pack,4.743644350868602
cd7c0077644db160abdc,A100-40GB,forward,8,dispatch,15.696337751314966
cd7c0077644db160abdc,A100-40GB,forward,8,expert_compute,11.331118512226992
cd7c0077644db160abdc,A100-40GB,forward,8,return,17.039925297634976
cd7c0077644db160abdc,A100-40GB,forward,8,combine,51.18897408795446
cf2fa7ca5f90fdcfabda,H100,forward,8,pack,4.215208150467198
cf2fa7ca5f90fdcfabda,H100,forward,8,dispatch,20.374287994837907
cf2fa7ca5f90fdcfabda,H100,forward,8,expert_compute,29.929835797975436
cf2fa7ca5f90fdcfabda,H100,forward,8,return,23.36046116204418
cf2fa7ca5f90fdcfabda,H100,forward,8,combine,22.120206894675277
cf97807fcd9b2156152d,B200,forward,4,pack,3.628515591956809
cf97807fcd9b2156152d,B200,forward,4,dispatch,15.32107424985713
cf97807fcd9b2156152d,B200,forward,4,expert_compute,9.841860689757908
cf97807fcd9b2156152d,B200,forward,4,return,18.31906150089329
cf97807fcd9b2156152d,B200,forward,4,combine,52.88948796753486
cfde77386c0c1d53977d,A100-40GB,forward,8,pack,3.667968325833269
cfde77386c0c1d53977d,A100-40GB,forward,8,dispatch,17.21705552005647
cfde77386c0c1d53977d,A100-40GB,forward,8,expert_compute,13.086638788772536
cfde77386c0c1d53977d,A100-40GB,forward,8,return,18.59708754266918
cfde77386c0c1d53977d,A100-40GB,forward,8,combine,47.43124982266855
d1be79f5dc844a18af4b,B200,forward,4,pack,3.9285910683009035
d1be79f5dc844a18af4b,B200,forward,4,dispatch,16.777699695799704
d1be79f5dc844a18af4b,B200,forward,4,expert_compute,42.85014044476059
d1be79f5dc844a18af4b,B200,forward,4,return,21.50456573607847
d1be79f5dc844a18af4b,B200,forward,4,combine,14.939003055060331
d30913c4946721be7c48,A100-40GB,training,4,pack,4.037288875604473
d30913c4946721be7c48,A100-40GB,training,4,dispatch,17.95821112108962
d30913c4946721be7c48,A100-40GB,training,4,expert_compute,8.238539007656005
d30913c4946721be7c48,A100-40GB,training,4,return,18.795259774062785
d30913c4946721be7c48,A100-40GB,training,4,combine,50.97070122158712
d314c5e0f01a4deae5a3,H100,forward,8,pack,4.610040209317903
d314c5e0f01a4deae5a3,H100,forward,8,dispatch,19.47320254803186
d314c5e0f01a4deae5a3,H100,forward,8,expert_compute,18.192621670101474
d314c5e0f01a4deae5a3,H100,forward,8,return,23.613902091663753
d314c5e0f01a4deae5a3,H100,forward,8,combine,34.110233480885015
d42ebb418e1aa35cd73d,H100,forward,4,pack,4.141636995197533
d42ebb418e1aa35cd73d,H100,forward,4,dispatch,18.225027754728302
d42ebb418e1aa35cd73d,H100,forward,4,expert_compute,42.92930429485282
d42ebb418e1aa35cd73d,H100,forward,4,return,23.927081410340342
d42ebb418e1aa35cd73d,H100,forward,4,combine,10.776949544881
d4e6e6158261174abf16,H100,training,4,pack,3.740048405639765
d4e6e6158261174abf16,H100,training,4,dispatch,13.933591015050197
d4e6e6158261174abf16,H100,training,4,expert_compute,57.02162218454232
d4e6e6158261174abf16,H100,training,4,return,15.244810190096114
d4e6e6158261174abf16,H100,training,4,combine,10.059928204671602
d5bd9baa65c0a0764766,B200,forward,2,pack,3.007863305323131
d5bd9baa65c0a0764766,B200,forward,2,dispatch,13.947665390352942
d5bd9baa65c0a0764766,B200,forward,2,expert_compute,19.0276855202533
d5bd9baa65c0a0764766,B200,forward,2,return,16.226704821736824
d5bd9baa65c0a0764766,B200,forward,2,combine,47.7900809623338
d6099659540626ddf280,H100,training,4,pack,4.74475512835326
d6099659540626ddf280,H100,training,4,dispatch,19.23677169344903
d6099659540626ddf280,H100,training,4,expert_compute,40.01206627354071
d6099659540626ddf280,H100,training,4,return,22.748500531694646
d6099659540626ddf280,H100,training,4,combine,13.257906372962353
d62d0364bfaf7af68a49,B200,forward,8,pack,3.0753800129521145
d62d0364bfaf7af68a49,B200,forward,8,dispatch,16.279127168502193
d62d0364bfaf7af68a49,B200,forward,8,expert_compute,24.715781535972354
d62d0364bfaf7af68a49,B200,forward,8,return,17.29374866886989
d62d0364bfaf7af68a49,B200,forward,8,combine,38.635962613703455
da1368b22c5e02a374b2,B200,training,2,pack,4.252359507490448
da1368b22c5e02a374b2,B200,training,2,dispatch,14.026162277502467
da1368b22c5e02a374b2,B200,training,2,expert_compute,7.118428202944266
da1368b22c5e02a374b2,B200,training,2,return,14.883724478402563
da1368b22c5e02a374b2,B200,training,2,combine,59.71932553366025
db1b9fa94f223e7a56f7,A100-40GB,training,4,pack,4.975538815611957
db1b9fa94f223e7a56f7,A100-40GB,training,4,dispatch,20.487606410421517
db1b9fa94f223e7a56f7,A100-40GB,training,4,expert_compute,34.439969962179326
db1b9fa94f223e7a56f7,A100-40GB,training,4,return,20.978890684717776
db1b9fa94f223e7a56f7,A100-40GB,training,4,combine,19.117994127069423
dbea79c73dca4eaf514c,H100,training,2,pack,4.829885539976666
dbea79c73dca4eaf514c,H100,training,2,dispatch,14.214442039980007
dbea79c73dca4eaf514c,H100,training,2,expert_compute,12.78749137718745
dbea79c73dca4eaf514c,H100,training,2,return,15.045670311201054
dbea79c73dca4eaf514c,H100,training,2,combine,53.12251073165483
e297d2723cfd23a1d8fd,B200,forward,8,pack,3.289293428740962
e297d2723cfd23a1d8fd,B200,forward,8,dispatch,15.961328260413843
e297d2723cfd23a1d8fd,B200,forward,8,expert_compute,8.421020473596982
e297d2723cfd23a1d8fd,B200,forward,8,return,19.077137338097796
e297d2723cfd23a1d8fd,B200,forward,8,combine,53.25122049915042
e2ce437b9b0fa1ec250c,B200,forward,8,pack,3.5975794280867035
e2ce437b9b0fa1ec250c,B200,forward,8,dispatch,15.419896337651057
e2ce437b9b0fa1ec250c,B200,forward,8,expert_compute,9.276570812990542
e2ce437b9b0fa1ec250c,B200,forward,8,return,17.457123531092183
e2ce437b9b0fa1ec250c,B200,forward,8,combine,54.248829890179515
e3e67bdbf62919ba7f67,A100-40GB,training,4,pack,4.2143045172856075
e3e67bdbf62919ba7f67,A100-40GB,training,4,dispatch,15.356795232932633
e3e67bdbf62919ba7f67,A100-40GB,training,4,expert_compute,16.986141495768653
e3e67bdbf62919ba7f67,A100-40GB,training,4,return,17.172595576654242
e3e67bdbf62919ba7f67,A100-40GB,training,4,combine,46.27016317735887
e431b9600525a865463e,A100-40GB,forward,4,pack,2.5686102208534933
e431b9600525a865463e,A100-40GB,forward,4,dispatch,14.724956111504394
e431b9600525a865463e,A100-40GB,forward,4,expert_compute,50.861528816909754
e431b9600525a865463e,A100-40GB,forward,4,return,12.358096468300499
e431b9600525a865463e,A100-40GB,forward,4,combine,19.48680838243186
e5272ac9559ace5f70ab,B200,forward,8,pack,3.6689098577201626
e5272ac9559ace5f70ab,B200,forward,8,dispatch,16.544669995220204
e5272ac9559ace5f70ab,B200,forward,8,expert_compute,9.76517328329804
e5272ac9559ace5f70ab,B200,forward,8,return,18.2264350725048
e5272ac9559ace5f70ab,B200,forward,8,combine,51.79481179125679
e611aae04fa9406c9115,A100-40GB,forward,8,pack,3.8448951280431474
e611aae04fa9406c9115,A100-40GB,forward,8,dispatch,22.368031362098883
e611aae04fa9406c9115,A100-40GB,forward,8,expert_compute,23.739538598737376
e611aae04fa9406c9115,A100-40GB,forward,8,return,20.77209618317678
e611aae04fa9406c9115,A100-40GB,forward,8,combine,29.275438727943815
e72cd0f4f399262ba4c2,A100-40GB,forward,2,pack,3.691739238360907
e72cd0f4f399262ba4c2,A100-40GB,forward,2,dispatch,13.355424771405627
e72cd0f4f399262ba4c2,A100-40GB,forward,2,expert_compute,17.81708412268148
e72cd0f4f399262ba4c2,A100-40GB,forward,2,return,15.056285863989938
e72cd0f4f399262ba4c2,A100-40GB,forward,2,combine,50.07946600356205
e7bac40d9b8114635edd,A100-40GB,training,8,pack,4.240853994571585
e7bac40d9b8114635edd,A100-40GB,training,8,dispatch,15.811281291767957
e7bac40d9b8114635edd,A100-40GB,training,8,expert_compute,8.412515752189728
e7bac40d9b8114635edd,A100-40GB,training,8,return,19.052062944385852
e7bac40d9b8114635edd,A100-40GB,training,8,combine,52.48328601708488
e7bef1589940a5db7ed9,B200,training,8,pack,3.3367203601321527
e7bef1589940a5db7ed9,B200,training,8,dispatch,15.800712667862353
e7bef1589940a5db7ed9,B200,training,8,expert_compute,36.16701508463841
e7bef1589940a5db7ed9,B200,training,8,return,17.075120185746027
e7bef1589940a5db7ed9,B200,training,8,combine,27.620431701621065
e7feebd09b9f3be91b1d,A100-40GB,training,2,pack,4.3749009121782025
e7feebd09b9f3be91b1d,A100-40GB,training,2,dispatch,12.716257909653295
e7feebd09b9f3be91b1d,A100-40GB,training,2,expert_compute,10.195767156373442
e7feebd09b9f3be91b1d,A100-40GB,training,2,return,13.802201610928961
e7feebd09b9f3be91b1d,A100-40GB,training,2,combine,58.9108724108661
e82b558ffbbb4a849bac,H100,forward,2,pack,5.551229534573256
e82b558ffbbb4a849bac,H100,forward,2,dispatch,15.579193046992971
e82b558ffbbb4a849bac,H100,forward,2,expert_compute,15.175991096156425
e82b558ffbbb4a849bac,H100,forward,2,return,17.68705589645865
e82b558ffbbb4a849bac,H100,forward,2,combine,46.006530425818696
e8c7c4881a5efa2f6421,A100-40GB,forward,4,pack,3.656816677502513
e8c7c4881a5efa2f6421,A100-40GB,forward,4,dispatch,15.563068950286986
e8c7c4881a5efa2f6421,A100-40GB,forward,4,expert_compute,14.533963275279067
e8c7c4881a5efa2f6421,A100-40GB,forward,4,return,17.374936917422776
e8c7c4881a5efa2f6421,A100-40GB,forward,4,combine,48.871214179508655
e96f9e9640c54cea67fc,A100-40GB,training,4,pack,4.967227899253741
e96f9e9640c54cea67fc,A100-40GB,training,4,dispatch,15.060656203063763
e96f9e9640c54cea67fc,A100-40GB,training,4,expert_compute,11.285392997045285
e96f9e9640c54cea67fc,A100-40GB,training,4,return,14.900325615467416
e96f9e9640c54cea67fc,A100-40GB,training,4,combine,53.7863972851698
ea02653d29f593288382,H100,forward,4,pack,3.5459928273344534
ea02653d29f593288382,H100,forward,4,dispatch,16.507514298470433
ea02653d29f593288382,H100,forward,4,expert_compute,26.737443281727657
ea02653d29f593288382,H100,forward,4,return,17.682279703184506
ea02653d29f593288382,H100,forward,4,combine,35.526769889282946
ec091b956598517c25f9,A100-40GB,training,8,pack,3.7629038324663764
ec091b956598517c25f9,A100-40GB,training,8,dispatch,15.938793625913014
ec091b956598517c25f9,A100-40GB,training,8,expert_compute,8.64808547245089
ec091b956598517c25f9,A100-40GB,training,8,return,17.106904848639452
ec091b956598517c25f9,A100-40GB,training,8,combine,54.54331222053027
edd117de9224371d8115,A100-40GB,training,4,pack,4.128953078791943
edd117de9224371d8115,A100-40GB,training,4,dispatch,14.26701954087223
edd117de9224371d8115,A100-40GB,training,4,expert_compute,12.184596106315077
edd117de9224371d8115,A100-40GB,training,4,return,16.7814396565959
edd117de9224371d8115,A100-40GB,training,4,combine,52.637991617424845
ee05906e86695bf7fe31,A100-40GB,forward,4,pack,3.6641319755620696
ee05906e86695bf7fe31,A100-40GB,forward,4,dispatch,13.203014280282261
ee05906e86695bf7fe31,A100-40GB,forward,4,expert_compute,12.282924346937351
ee05906e86695bf7fe31,A100-40GB,forward,4,return,13.335357386972934
ee05906e86695bf7fe31,A100-40GB,forward,4,combine,57.51457201024539
efff7c4f4d04a0575226,A100-40GB,training,2,pack,3.740895379187301
efff7c4f4d04a0575226,A100-40GB,training,2,dispatch,11.945210937103464
efff7c4f4d04a0575226,A100-40GB,training,2,expert_compute,8.706102358551991
efff7c4f4d04a0575226,A100-40GB,training,2,return,12.586555594268079
efff7c4f4d04a0575226,A100-40GB,training,2,combine,63.02123573088916
f01c99c7842089e07399,B200,training,2,pack,4.317066920483485
f01c99c7842089e07399,B200,training,2,dispatch,15.299800926641257
f01c99c7842089e07399,B200,training,2,expert_compute,14.460281352677375
f01c99c7842089e07399,B200,training,2,return,17.9243443837491
f01c99c7842089e07399,B200,training,2,combine,47.99850641644878
f09bacdf4f9b48194b8f,A100-40GB,training,8,pack,2.5472435828036617
f09bacdf4f9b48194b8f,A100-40GB,training,8,dispatch,14.128298132332052
f09bacdf4f9b48194b8f,A100-40GB,training,8,expert_compute,37.28762605696351
f09bacdf4f9b48194b8f,A100-40GB,training,8,return,14.507712603743101
f09bacdf4f9b48194b8f,A100-40GB,training,8,combine,31.529119624157676
f100b513e71212690a10,H100,forward,2,pack,5.576860266379105
f100b513e71212690a10,H100,forward,2,dispatch,15.25837757983701
f100b513e71212690a10,H100,forward,2,expert_compute,15.837751830312246
f100b513e71212690a10,H100,forward,2,return,17.770938812384067
f100b513e71212690a10,H100,forward,2,combine,45.556071511087566
f353a494d8584986c785,B200,training,2,pack,4.307490481851102
f353a494d8584986c785,B200,training,2,dispatch,13.621119341745182
f353a494d8584986c785,B200,training,2,expert_compute,10.119854230868828
f353a494d8584986c785,B200,training,2,return,15.307281074759754
f353a494d8584986c785,B200,training,2,combine,56.64425487077513
f5ff224e1a7183c8e7a8,H100,training,8,pack,4.426064687572409
f5ff224e1a7183c8e7a8,H100,training,8,dispatch,21.005702992704883
f5ff224e1a7183c8e7a8,H100,training,8,expert_compute,33.907639063598
f5ff224e1a7183c8e7a8,H100,training,8,return,20.992470641606765
f5ff224e1a7183c8e7a8,H100,training,8,combine,19.66812261451794
f6b3a64511f34706cad3,A100-40GB,forward,2,pack,3.703275238537173
f6b3a64511f34706cad3,A100-40GB,forward,2,dispatch,12.653955552401381
f6b3a64511f34706cad3,A100-40GB,forward,2,expert_compute,14.106675130584254
f6b3a64511f34706cad3,A100-40GB,forward,2,return,14.84569952029413
f6b3a64511f34706cad3,A100-40GB,forward,2,combine,54.69039455818306
f70d744a12dc3cc8ef0c,B200,forward,4,pack,3.4621088276747147
f70d744a12dc3cc8ef0c,B200,forward,4,dispatch,16.721194523063033
f70d744a12dc3cc8ef0c,B200,forward,4,expert_compute,26.625223935267353
f70d744a12dc3cc8ef0c,B200,forward,4,return,19.136990527035667
f70d744a12dc3cc8ef0c,B200,forward,4,combine,34.054482186959234
f8af5179d145054ae9a1,H100,training,4,pack,4.942854157739786
f8af5179d145054ae9a1,H100,training,4,dispatch,19.16505896177131
f8af5179d145054ae9a1,H100,training,4,expert_compute,10.759899500529382
f8af5179d145054ae9a1,H100,training,4,return,21.9481650457895
f8af5179d145054ae9a1,H100,training,4,combine,43.18402233417001
f95e9ec1d4639e30988e,H100,training,4,pack,4.777489530677131
f95e9ec1d4639e30988e,H100,training,4,dispatch,17.785326449588275
f95e9ec1d4639e30988e,H100,training,4,expert_compute,10.629258030641083
f95e9ec1d4639e30988e,H100,training,4,return,20.335993416184106
f95e9ec1d4639e30988e,H100,training,4,combine,46.47193257290941
ff916dbdde8b1a7d0337,H100,forward,2,pack,3.6151052456614656
ff916dbdde8b1a7d0337,H100,forward,2,dispatch,12.91797771514318
ff916dbdde8b1a7d0337,H100,forward,2,expert_compute,27.631173397712693
ff916dbdde8b1a7d0337,H100,forward,2,return,22.62113626123105
ff916dbdde8b1a7d0337,H100,forward,2,combine,33.214607380251614
ffde3b3c012bee41c692,A100-40GB,forward,4,pack,3.1281573574463613
ffde3b3c012bee41c692,A100-40GB,forward,4,dispatch,16.15180385918746
ffde3b3c012bee41c692,A100-40GB,forward,4,expert_compute,21.752241451584418
ffde3b3c012bee41c692,A100-40GB,forward,4,return,15.546533104511415
ffde3b3c012bee41c692,A100-40GB,forward,4,combine,43.42126422727034
ffe3c69a4da1217b41d6,B200,training,2,pack,4.691677797467628
ffe3c69a4da1217b41d6,B200,training,2,dispatch,17.53247060913995
ffe3c69a4da1217b41d6,B200,training,2,expert_compute,37.46279982482899
ffe3c69a4da1217b41d6,B200,training,2,return,20.042213111438315
ffe3c69a4da1217b41d6,B200,training,2,combine,20.27083865712512
